<?xml version="1.0" encoding="UTF-8"?>
<metadata xml:lang="en"><Esri><CreaDate>20221013</CreaDate><CreaTime>13410700</CreaTime><ArcGISFormat>1.0</ArcGISFormat><SyncOnce>FALSE</SyncOnce><DataProperties><itemProps><itemName Sync="TRUE">censusMultiYear</itemName><imsContentType Sync="TRUE">002</imsContentType><itemSize Sync="TRUE">0.000</itemSize><itemLocation><linkage Sync="TRUE">file://\\LAS-1XS1MH3-D\C$\Users\mstuhlm1\OneDrive - DePaul University\Admin\2022-2023\RWorkshop\DataCode\censusMultiYear.shp</linkage><protocol Sync="TRUE">Local Area Network</protocol></itemLocation></itemProps><coordRef><type Sync="TRUE">Projected</type><geogcsn Sync="TRUE">GCS_North_American_1983</geogcsn><csUnits Sync="TRUE">Linear Unit: Meter (1.000000)</csUnits><projcsn Sync="TRUE">USA_Contiguous_Albers_Equal_Area_Conic</projcsn><peXml Sync="TRUE">&lt;ProjectedCoordinateSystem xsi:type='typens:ProjectedCoordinateSystem' xmlns:xsi='http://www.w3.org/2001/XMLSchema-instance' xmlns:xs='http://www.w3.org/2001/XMLSchema' xmlns:typens='http://www.esri.com/schemas/ArcGIS/2.8.0'&gt;&lt;WKT&gt;PROJCS[&amp;quot;USA_Contiguous_Albers_Equal_Area_Conic&amp;quot;,GEOGCS[&amp;quot;GCS_North_American_1983&amp;quot;,DATUM[&amp;quot;D_North_American_1983&amp;quot;,SPHEROID[&amp;quot;GRS_1980&amp;quot;,6378137.0,298.257222101]],PRIMEM[&amp;quot;Greenwich&amp;quot;,0.0],UNIT[&amp;quot;Degree&amp;quot;,0.0174532925199433]],PROJECTION[&amp;quot;Albers&amp;quot;],PARAMETER[&amp;quot;False_Easting&amp;quot;,0.0],PARAMETER[&amp;quot;False_Northing&amp;quot;,0.0],PARAMETER[&amp;quot;Central_Meridian&amp;quot;,-96.0],PARAMETER[&amp;quot;Standard_Parallel_1&amp;quot;,29.5],PARAMETER[&amp;quot;Standard_Parallel_2&amp;quot;,45.5],PARAMETER[&amp;quot;Latitude_Of_Origin&amp;quot;,37.5],UNIT[&amp;quot;Meter&amp;quot;,1.0],AUTHORITY[&amp;quot;Esri&amp;quot;,102003]]&lt;/WKT&gt;&lt;XOrigin&gt;-16901100&lt;/XOrigin&gt;&lt;YOrigin&gt;-8579000&lt;/YOrigin&gt;&lt;XYScale&gt;266467840.99085236&lt;/XYScale&gt;&lt;ZOrigin&gt;-100000&lt;/ZOrigin&gt;&lt;ZScale&gt;10000&lt;/ZScale&gt;&lt;MOrigin&gt;-100000&lt;/MOrigin&gt;&lt;MScale&gt;10000&lt;/MScale&gt;&lt;XYTolerance&gt;0.001&lt;/XYTolerance&gt;&lt;ZTolerance&gt;0.001&lt;/ZTolerance&gt;&lt;MTolerance&gt;0.001&lt;/MTolerance&gt;&lt;HighPrecision&gt;true&lt;/HighPrecision&gt;&lt;WKID&gt;102003&lt;/WKID&gt;&lt;LatestWKID&gt;102003&lt;/LatestWKID&gt;&lt;/ProjectedCoordinateSystem&gt;</peXml></coordRef><lineage><Process ToolSource="c:\users\mstuhlm1\appdata\local\programs\arcgis\pro\Resources\ArcToolbox\toolboxes\Conversion Tools.tbx\FeatureClassToFeatureClass" Date="20221013" Time="134107">FeatureClassToFeatureClass megatract_output_20210408 "C:\Users\mstuhlm1\OneDrive - DePaul University\Admin\2022-2023\RWorkshop\DataCode" censusMultiYear.shp # "race_w "race_w" true true false 24 Double 15 23,First,#,megatract_output_20210408,race_w,-1,-1;race_b "race_b" true true false 24 Double 15 23,First,#,megatract_output_20210408,race_b,-1,-1;race_n "race_n" true true false 24 Double 15 23,First,#,megatract_output_20210408,race_n,-1,-1;race_a "race_a" true true false 24 Double 15 23,First,#,megatract_output_20210408,race_a,-1,-1;race_p "race_p" true true false 24 Double 15 23,First,#,megatract_output_20210408,race_p,-1,-1;race_o "race_o" true true false 24 Double 15 23,First,#,megatract_output_20210408,race_o,-1,-1;race_2 "race_2" true true false 24 Double 15 23,First,#,megatract_output_20210408,race_2,-1,-1;age0_4 "age0_4" true true false 24 Double 15 23,First,#,megatract_output_20210408,age0_4,-1,-1;age5_9 "age5_9" true true false 24 Double 15 23,First,#,megatract_output_20210408,age5_9,-1,-1;age10_14 "age10_14" true true false 24 Double 15 23,First,#,megatract_output_20210408,age10_14,-1,-1;age15_19 "age15_19" true true false 24 Double 15 23,First,#,megatract_output_20210408,age15_19,-1,-1;age20_24 "age20_24" true true false 24 Double 15 23,First,#,megatract_output_20210408,age20_24,-1,-1;age25_29 "age25_29" true true false 24 Double 15 23,First,#,megatract_output_20210408,age25_29,-1,-1;age30_34 "age30_34" true true false 24 Double 15 23,First,#,megatract_output_20210408,age30_34,-1,-1;age35_39 "age35_39" true true false 24 Double 15 23,First,#,megatract_output_20210408,age35_39,-1,-1;age40_44 "age40_44" true true false 24 Double 15 23,First,#,megatract_output_20210408,age40_44,-1,-1;age45_49 "age45_49" true true false 24 Double 15 23,First,#,megatract_output_20210408,age45_49,-1,-1;age50_54 "age50_54" true true false 24 Double 15 23,First,#,megatract_output_20210408,age50_54,-1,-1;age55_59 "age55_59" true true false 24 Double 15 23,First,#,megatract_output_20210408,age55_59,-1,-1;age60_64 "age60_64" true true false 24 Double 15 23,First,#,megatract_output_20210408,age60_64,-1,-1;age65_69 "age65_69" true true false 24 Double 15 23,First,#,megatract_output_20210408,age65_69,-1,-1;age70_74 "age70_74" true true false 24 Double 15 23,First,#,megatract_output_20210408,age70_74,-1,-1;age75_79 "age75_79" true true false 24 Double 15 23,First,#,megatract_output_20210408,age75_79,-1,-1;age80_84 "age80_84" true true false 24 Double 15 23,First,#,megatract_output_20210408,age80_84,-1,-1;age85up "age85up" true true false 24 Double 15 23,First,#,megatract_output_20210408,age85up,-1,-1;income "income" true true false 24 Double 15 23,First,#,megatract_output_20210408,income,-1,-1;rent "rent" true true false 24 Double 15 23,First,#,megatract_output_20210408,rent,-1,-1;edu_9 "edu_9" true true false 24 Double 15 23,First,#,megatract_output_20210408,edu_9,-1,-1;edu_12 "edu_12" true true false 24 Double 15 23,First,#,megatract_output_20210408,edu_12,-1,-1;edu_hs "edu_hs" true true false 24 Double 15 23,First,#,megatract_output_20210408,edu_hs,-1,-1;edu_scol "edu_scol" true true false 24 Double 15 23,First,#,megatract_output_20210408,edu_scol,-1,-1;edu_asc "edu_asc" true true false 24 Double 15 23,First,#,megatract_output_20210408,edu_asc,-1,-1;edu_bch "edu_bch" true true false 24 Double 15 23,First,#,megatract_output_20210408,edu_bch,-1,-1;edu_grad "edu_grad" true true false 24 Double 15 23,First,#,megatract_output_20210408,edu_grad,-1,-1;hous_30yr "hous_30yr" true true false 24 Double 15 23,First,#,megatract_output_20210408,hous_30yr,-1,-1;hous_tot "hous_tot" true true false 24 Double 15 23,First,#,megatract_output_20210408,hous_tot,-1,-1;hous_val "hous_val" true true false 24 Double 15 23,First,#,megatract_output_20210408,hous_val,-1,-1;ohous_vac "ohous_vac" true true false 24 Double 15 23,First,#,megatract_output_20210408,ohous_vac,-1,-1;ohous_tot "ohous_tot" true true false 24 Double 15 23,First,#,megatract_output_20210408,ohous_tot,-1,-1;orgn_hisp "orgn_hisp" true true false 24 Double 15 23,First,#,megatract_output_20210408,orgn_hisp,-1,-1;orgn_tot "orgn_tot" true true false 24 Double 15 23,First,#,megatract_output_20210408,orgn_tot,-1,-1;cluster_id "cluster_id" true true false 18 Double 0 18,First,#,megatract_output_20210408,cluster_id,-1,-1;YEAR "YEAR" true true false 80 Text 0 0,First,#,megatract_output_20210408,YEAR,0,80" #</Process></lineage></DataProperties><SyncDate>20221013</SyncDate><SyncTime>13410700</SyncTime><ModDate>20221013</ModDate><ModTime>13410700</ModTime></Esri><dataIdInfo><envirDesc Sync="TRUE">Microsoft Windows 10 Version 10.0 (Build 19044) ; Esri ArcGIS 12.8.0.29751</envirDesc><dataLang><languageCode value="eng" Sync="TRUE"></languageCode><countryCode value="USA" Sync="TRUE"></countryCode></dataLang><idCitation><resTitle Sync="TRUE">censusMultiYear</resTitle><presForm><PresFormCd value="005" Sync="TRUE"></PresFormCd></presForm></idCitation><spatRpType><SpatRepTypCd value="001" Sync="TRUE"></SpatRepTypCd></spatRpType></dataIdInfo><mdLang><languageCode value="eng" Sync="TRUE"></languageCode><countryCode value="USA" Sync="TRUE"></countryCode></mdLang><mdChar><CharSetCd value="004" Sync="TRUE"></CharSetCd></mdChar><distInfo><distFormat><formatName Sync="TRUE">Shapefile</formatName></distFormat><distTranOps><transSize Sync="TRUE">0.000</transSize></distTranOps></distInfo><mdHrLv><ScopeCd value="005" Sync="TRUE"></ScopeCd></mdHrLv><mdHrLvName Sync="TRUE">dataset</mdHrLvName><refSysInfo><RefSystem><refSysID><identCode code="102003" Sync="TRUE"></identCode><idCodeSpace Sync="TRUE">Esri</idCodeSpace><idVersion Sync="TRUE">4.0.0</idVersion></refSysID></RefSystem></refSysInfo><spatRepInfo><VectSpatRep><geometObjs Name="censusMultiYear"><geoObjTyp><GeoObjTypCd value="002" Sync="TRUE"></GeoObjTypCd></geoObjTyp><geoObjCnt Sync="TRUE">0</geoObjCnt></geometObjs><topLvl><TopoLevCd value="001" Sync="TRUE"></TopoLevCd></topLvl></VectSpatRep></spatRepInfo><spdoinfo><ptvctinf><esriterm Name="censusMultiYear"><efeatyp Sync="TRUE">Simple</efeatyp><efeageom code="4" Sync="TRUE"></efeageom><esritopo Sync="TRUE">FALSE</esritopo><efeacnt Sync="TRUE">0</efeacnt><spindex Sync="TRUE">FALSE</spindex><linrefer Sync="TRUE">FALSE</linrefer></esriterm></ptvctinf></spdoinfo><eainfo><detailed Name="censusMultiYear"><enttyp><enttypl Sync="TRUE">censusMultiYear</enttypl><enttypt Sync="TRUE">Feature Class</enttypt><enttypc Sync="TRUE">0</enttypc></enttyp><attr><attrlabl Sync="TRUE">FID</attrlabl><attalias Sync="TRUE">FID</attalias><attrtype Sync="TRUE">OID</attrtype><attwidth Sync="TRUE">4</attwidth><atprecis Sync="TRUE">0</atprecis><attscale Sync="TRUE">0</attscale><attrdef Sync="TRUE">Internal feature number.</attrdef><attrdefs Sync="TRUE">Esri</attrdefs><attrdomv><udom Sync="TRUE">Sequential unique whole numbers that are automatically generated.</udom></attrdomv></attr><attr><attrlabl Sync="TRUE">Shape</attrlabl><attalias Sync="TRUE">Shape</attalias><attrtype Sync="TRUE">Geometry</attrtype><attwidth Sync="TRUE">0</attwidth><atprecis Sync="TRUE">0</atprecis><attscale Sync="TRUE">0</attscale><attrdef Sync="TRUE">Feature geometry.</attrdef><attrdefs Sync="TRUE">Esri</attrdefs><attrdomv><udom Sync="TRUE">Coordinates defining the features.</udom></attrdomv></attr><attr><attrlabl Sync="TRUE">race_w</attrlabl><attalias Sync="TRUE">race_w</attalias><attrtype Sync="TRUE">Double</attrtype><attwidth Sync="TRUE">19</attwidth><atprecis Sync="TRUE">18</atprecis><attscale Sync="TRUE">15</attscale></attr><attr><attrlabl Sync="TRUE">race_b</attrlabl><attalias Sync="TRUE">race_b</attalias><attrtype Sync="TRUE">Double</attrtype><attwidth Sync="TRUE">19</attwidth><atprecis Sync="TRUE">18</atprecis><attscale Sync="TRUE">15</attscale></attr><attr><attrlabl Sync="TRUE">race_n</attrlabl><attalias Sync="TRUE">race_n</attalias><attrtype Sync="TRUE">Double</attrtype><attwidth Sync="TRUE">19</attwidth><atprecis Sync="TRUE">18</atprecis><attscale Sync="TRUE">15</attscale></attr><attr><attrlabl Sync="TRUE">race_a</attrlabl><attalias Sync="TRUE">race_a</attalias><attrtype Sync="TRUE">Double</attrtype><attwidth Sync="TRUE">19</attwidth><atprecis Sync="TRUE">18</atprecis><attscale Sync="TRUE">15</attscale></attr><attr><attrlabl Sync="TRUE">race_p</attrlabl><attalias Sync="TRUE">race_p</attalias><attrtype Sync="TRUE">Double</attrtype><attwidth Sync="TRUE">19</attwidth><atprecis Sync="TRUE">18</atprecis><attscale Sync="TRUE">15</attscale></attr><attr><attrlabl Sync="TRUE">race_o</attrlabl><attalias Sync="TRUE">race_o</attalias><attrtype Sync="TRUE">Double</attrtype><attwidth Sync="TRUE">19</attwidth><atprecis Sync="TRUE">18</atprecis><attscale Sync="TRUE">15</attscale></attr><attr><attrlabl Sync="TRUE">race_2</attrlabl><attalias Sync="TRUE">race_2</attalias><attrtype Sync="TRUE">Double</attrtype><attwidth Sync="TRUE">19</attwidth><atprecis Sync="TRUE">18</atprecis><attscale Sync="TRUE">15</attscale></attr><attr><attrlabl Sync="TRUE">age0_4</attrlabl><attalias Sync="TRUE">age0_4</attalias><attrtype Sync="TRUE">Double</attrtype><attwidth Sync="TRUE">19</attwidth><atprecis Sync="TRUE">18</atprecis><attscale Sync="TRUE">15</attscale></attr><attr><attrlabl Sync="TRUE">age5_9</attrlabl><attalias Sync="TRUE">age5_9</attalias><attrtype Sync="TRUE">Double</attrtype><attwidth Sync="TRUE">19</attwidth><atprecis Sync="TRUE">18</atprecis><attscale Sync="TRUE">15</attscale></attr><attr><attrlabl Sync="TRUE">age10_14</attrlabl><attalias Sync="TRUE">age10_14</attalias><attrtype Sync="TRUE">Double</attrtype><attwidth Sync="TRUE">19</attwidth><atprecis Sync="TRUE">18</atprecis><attscale Sync="TRUE">15</attscale></attr><attr><attrlabl Sync="TRUE">age15_19</attrlabl><attalias Sync="TRUE">age15_19</attalias><attrtype Sync="TRUE">Double</attrtype><attwidth Sync="TRUE">19</attwidth><atprecis Sync="TRUE">18</atprecis><attscale Sync="TRUE">15</attscale></attr><attr><attrlabl Sync="TRUE">age20_24</attrlabl><attalias Sync="TRUE">age20_24</attalias><attrtype Sync="TRUE">Double</attrtype><attwidth Sync="TRUE">19</attwidth><atprecis Sync="TRUE">18</atprecis><attscale Sync="TRUE">15</attscale></attr><attr><attrlabl Sync="TRUE">age25_29</attrlabl><attalias Sync="TRUE">age25_29</attalias><attrtype Sync="TRUE">Double</attrtype><attwidth Sync="TRUE">19</attwidth><atprecis Sync="TRUE">18</atprecis><attscale Sync="TRUE">15</attscale></attr><attr><attrlabl Sync="TRUE">age30_34</attrlabl><attalias Sync="TRUE">age30_34</attalias><attrtype Sync="TRUE">Double</attrtype><attwidth Sync="TRUE">19</attwidth><atprecis Sync="TRUE">18</atprecis><attscale Sync="TRUE">15</attscale></attr><attr><attrlabl Sync="TRUE">age35_39</attrlabl><attalias Sync="TRUE">age35_39</attalias><attrtype Sync="TRUE">Double</attrtype><attwidth Sync="TRUE">19</attwidth><atprecis Sync="TRUE">18</atprecis><attscale Sync="TRUE">15</attscale></attr><attr><attrlabl Sync="TRUE">age40_44</attrlabl><attalias Sync="TRUE">age40_44</attalias><attrtype Sync="TRUE">Double</attrtype><attwidth Sync="TRUE">19</attwidth><atprecis Sync="TRUE">18</atprecis><attscale Sync="TRUE">15</attscale></attr><attr><attrlabl Sync="TRUE">age45_49</attrlabl><attalias Sync="TRUE">age45_49</attalias><attrtype Sync="TRUE">Double</attrtype><attwidth Sync="TRUE">19</attwidth><atprecis Sync="TRUE">18</atprecis><attscale Sync="TRUE">15</attscale></attr><attr><attrlabl Sync="TRUE">age50_54</attrlabl><attalias Sync="TRUE">age50_54</attalias><attrtype Sync="TRUE">Double</attrtype><attwidth Sync="TRUE">19</attwidth><atprecis Sync="TRUE">18</atprecis><attscale Sync="TRUE">15</attscale></attr><attr><attrlabl Sync="TRUE">age55_59</attrlabl><attalias Sync="TRUE">age55_59</attalias><attrtype Sync="TRUE">Double</attrtype><attwidth Sync="TRUE">19</attwidth><atprecis Sync="TRUE">18</atprecis><attscale Sync="TRUE">15</attscale></attr><attr><attrlabl Sync="TRUE">age60_64</attrlabl><attalias Sync="TRUE">age60_64</attalias><attrtype Sync="TRUE">Double</attrtype><attwidth Sync="TRUE">19</attwidth><atprecis Sync="TRUE">18</atprecis><attscale Sync="TRUE">15</attscale></attr><attr><attrlabl Sync="TRUE">age65_69</attrlabl><attalias Sync="TRUE">age65_69</attalias><attrtype Sync="TRUE">Double</attrtype><attwidth Sync="TRUE">19</attwidth><atprecis Sync="TRUE">18</atprecis><attscale Sync="TRUE">15</attscale></attr><attr><attrlabl Sync="TRUE">age70_74</attrlabl><attalias Sync="TRUE">age70_74</attalias><attrtype Sync="TRUE">Double</attrtype><attwidth Sync="TRUE">19</attwidth><atprecis Sync="TRUE">18</atprecis><attscale Sync="TRUE">15</attscale></attr><attr><attrlabl Sync="TRUE">age75_79</attrlabl><attalias Sync="TRUE">age75_79</attalias><attrtype Sync="TRUE">Double</attrtype><attwidth Sync="TRUE">19</attwidth><atprecis Sync="TRUE">18</atprecis><attscale Sync="TRUE">15</attscale></attr><attr><attrlabl Sync="TRUE">age80_84</attrlabl><attalias Sync="TRUE">age80_84</attalias><attrtype Sync="TRUE">Double</attrtype><attwidth Sync="TRUE">19</attwidth><atprecis Sync="TRUE">18</atprecis><attscale Sync="TRUE">15</attscale></attr><attr><attrlabl Sync="TRUE">age85up</attrlabl><attalias Sync="TRUE">age85up</attalias><attrtype Sync="TRUE">Double</attrtype><attwidth Sync="TRUE">19</attwidth><atprecis Sync="TRUE">18</atprecis><attscale Sync="TRUE">15</attscale></attr><attr><attrlabl Sync="TRUE">income</attrlabl><attalias Sync="TRUE">income</attalias><attrtype Sync="TRUE">Double</attrtype><attwidth Sync="TRUE">19</attwidth><atprecis Sync="TRUE">18</atprecis><attscale Sync="TRUE">15</attscale></attr><attr><attrlabl Sync="TRUE">rent</attrlabl><attalias Sync="TRUE">rent</attalias><attrtype Sync="TRUE">Double</attrtype><attwidth Sync="TRUE">19</attwidth><atprecis Sync="TRUE">18</atprecis><attscale Sync="TRUE">15</attscale></attr><attr><attrlabl Sync="TRUE">edu_9</attrlabl><attalias Sync="TRUE">edu_9</attalias><attrtype Sync="TRUE">Double</attrtype><attwidth Sync="TRUE">19</attwidth><atprecis Sync="TRUE">18</atprecis><attscale Sync="TRUE">15</attscale></attr><attr><attrlabl Sync="TRUE">edu_12</attrlabl><attalias Sync="TRUE">edu_12</attalias><attrtype Sync="TRUE">Double</attrtype><attwidth Sync="TRUE">19</attwidth><atprecis Sync="TRUE">18</atprecis><attscale Sync="TRUE">15</attscale></attr><attr><attrlabl Sync="TRUE">edu_hs</attrlabl><attalias Sync="TRUE">edu_hs</attalias><attrtype Sync="TRUE">Double</attrtype><attwidth Sync="TRUE">19</attwidth><atprecis Sync="TRUE">18</atprecis><attscale Sync="TRUE">15</attscale></attr><attr><attrlabl Sync="TRUE">edu_scol</attrlabl><attalias Sync="TRUE">edu_scol</attalias><attrtype Sync="TRUE">Double</attrtype><attwidth Sync="TRUE">19</attwidth><atprecis Sync="TRUE">18</atprecis><attscale Sync="TRUE">15</attscale></attr><attr><attrlabl Sync="TRUE">edu_asc</attrlabl><attalias Sync="TRUE">edu_asc</attalias><attrtype Sync="TRUE">Double</attrtype><attwidth Sync="TRUE">19</attwidth><atprecis Sync="TRUE">18</atprecis><attscale Sync="TRUE">15</attscale></attr><attr><attrlabl Sync="TRUE">edu_bch</attrlabl><attalias Sync="TRUE">edu_bch</attalias><attrtype Sync="TRUE">Double</attrtype><attwidth Sync="TRUE">19</attwidth><atprecis Sync="TRUE">18</atprecis><attscale Sync="TRUE">15</attscale></attr><attr><attrlabl Sync="TRUE">edu_grad</attrlabl><attalias Sync="TRUE">edu_grad</attalias><attrtype Sync="TRUE">Double</attrtype><attwidth Sync="TRUE">19</attwidth><atprecis Sync="TRUE">18</atprecis><attscale Sync="TRUE">15</attscale></attr><attr><attrlabl Sync="TRUE">hous_30yr</attrlabl><attalias Sync="TRUE">hous_30yr</attalias><attrtype Sync="TRUE">Double</attrtype><attwidth Sync="TRUE">19</attwidth><atprecis Sync="TRUE">18</atprecis><attscale Sync="TRUE">15</attscale></attr><attr><attrlabl Sync="TRUE">hous_tot</attrlabl><attalias Sync="TRUE">hous_tot</attalias><attrtype Sync="TRUE">Double</attrtype><attwidth Sync="TRUE">19</attwidth><atprecis Sync="TRUE">18</atprecis><attscale Sync="TRUE">15</attscale></attr><attr><attrlabl Sync="TRUE">hous_val</attrlabl><attalias Sync="TRUE">hous_val</attalias><attrtype Sync="TRUE">Double</attrtype><attwidth Sync="TRUE">19</attwidth><atprecis Sync="TRUE">18</atprecis><attscale Sync="TRUE">15</attscale></attr><attr><attrlabl Sync="TRUE">ohous_vac</attrlabl><attalias Sync="TRUE">ohous_vac</attalias><attrtype Sync="TRUE">Double</attrtype><attwidth Sync="TRUE">19</attwidth><atprecis Sync="TRUE">18</atprecis><attscale Sync="TRUE">15</attscale></attr><attr><attrlabl Sync="TRUE">ohous_tot</attrlabl><attalias Sync="TRUE">ohous_tot</attalias><attrtype Sync="TRUE">Double</attrtype><attwidth Sync="TRUE">19</attwidth><atprecis Sync="TRUE">18</atprecis><attscale Sync="TRUE">15</attscale></attr><attr><attrlabl Sync="TRUE">orgn_hisp</attrlabl><attalias Sync="TRUE">orgn_hisp</attalias><attrtype Sync="TRUE">Double</attrtype><attwidth Sync="TRUE">19</attwidth><atprecis Sync="TRUE">18</atprecis><attscale Sync="TRUE">15</attscale></attr><attr><attrlabl Sync="TRUE">orgn_tot</attrlabl><attalias Sync="TRUE">orgn_tot</attalias><attrtype Sync="TRUE">Double</attrtype><attwidth Sync="TRUE">19</attwidth><atprecis Sync="TRUE">18</atprecis><attscale Sync="TRUE">15</attscale></attr><attr><attrlabl Sync="TRUE">cluster_id</attrlabl><attalias Sync="TRUE">cluster_id</attalias><attrtype Sync="TRUE">Double</attrtype><attwidth Sync="TRUE">18</attwidth><atprecis Sync="TRUE">18</atprecis><attscale Sync="TRUE">0</attscale></attr><attr><attrlabl Sync="TRUE">YEAR</attrlabl><attalias Sync="TRUE">YEAR</attalias><attrtype Sync="TRUE">String</attrtype><attwidth Sync="TRUE">80</attwidth><atprecis Sync="TRUE">0</atprecis><attscale Sync="TRUE">0</attscale></attr></detailed></eainfo><mdDateSt Sync="TRUE">20221013</mdDateSt></metadata>
